INSERT INTO Adresse (ligne1, ligne2, ligne3, codePostal, commune)
VALUES ('3 Rue Pré-Gaudry', NULL, NULL, '69007', 'Lyon'),
       ('4 Rue Professeur Pierre Marion', NULL, NULL, '69005', 'Lyon'),
       ('106 Cours Gambetta', NULL, NULL, '69007', 'Lyon'),
       ('Maison de la Danse', '8 avenue Jean Mermoz', NULL, '69008', 'Lyon'),
       ('Les Chemins', '7 Avenue des Frères Lumière', NULL, '69120', 'Vaulx-en-Velin'),
       ('103 Grande Rue de la Croix-Rousse', NULL, NULL, '69004', 'Lyon'),
       ('50 Avenue du Loup Pendu', NULL, NULL, '69140', 'Rillieux-la-Pape'),
       ('12 Place d''Arménie', NULL, NULL, '01700', 'Saint-Maurice-de-Beynost'),
       ('4 Rue du Plâtre', NULL, NULL, '69720', 'Saint-Bonnet-de-Mure'),
       ('93 Avenue François Mitterrand', NULL, NULL, '69500', 'Bron'),
       ('Batiment B', '79 Rue Magenta', NULL, '69100', 'Villeurbanne'),
       ('118 Rue Gabriel Péri', NULL, NULL, '69200', 'Vénissieux'),
       ('5 Rue des Anciennes Tanneries', NULL, NULL, '69600', 'Oullins'),
       ('58 Rue Sainte-Geneviève', NULL, NULL, '69006', 'Lyon'),
       ('Lotissement Grandpierre', '18 Route d''Écully', NULL, '69570', 'Dardilly'),
       ('18 Rue Paul Painlevé', NULL, NULL, '69300', 'Caluire-et-Cuire'),
       ('12 Chemin de la Grange', NULL, NULL, '69680', 'Chassieu'),
       ('23 Rue Jacques Reynaud', NULL, NULL, '69800', 'Saint-Priest'),
       ('21 Impasse de la Pomme', NULL, NULL, '69160', 'Tassin-la-Demi-Lune'),
       ('Rue du Stade', NULL, NULL, '69450', 'Saint-Cyr-au-Mont-d''Or'),
       ('25 Rue Henri Pensier', NULL, NULL, '69008', 'Lyon'),
       ('4Bis Cours Bayard', NULL, NULL, '69268', 'Lyon'),
       ('37 Rue Vendôme', NULL, NULL, '69006', 'Lyon'),
       ('23 Rue Président Krüger', NULL, NULL, '69008', 'Lyon'),
       ('278 Rue Garibaldi', NULL, NULL, '69003', 'Lyon');
	   
INSERT INTO Individu(idIndividu, prenom, nom, adresseMail, motDePasse, telephonePortable)
VALUES (1, 'Adeline', 'Alpha', 'a.alpha@gmail.com', SHA2(CONV(FLOOR(RAND() * 99999999999999), 20, 36), 256), CONCAT('0', CAST(FLOOR((0.1 + RAND()) * 699999999) AS CHAR(9)))),
       (2, 'Boris', 'Bravo', 'b.bravo@hotmail.com', SHA2(CONV(FLOOR(RAND() * 99999999999999), 20, 36), 256), CONCAT('0', CAST(FLOOR((0.1 + RAND()) * 699999999) AS CHAR(9)))),
       (3, 'Carole', 'Charlie', 'c.charlie@laposte.net', SHA2(CONV(FLOOR(RAND() * 99999999999999), 20, 36), 256), CONCAT('0', CAST(FLOOR((0.1 + RAND()) * 699999999) AS CHAR(9)))),
       (4, 'Daniel', 'Delta', 'd.delta@yahoo.fr', SHA2(CONV(FLOOR(RAND() * 99999999999999), 20, 36), 256), CONCAT('0', CAST(FLOOR((0.1 + RAND()) * 699999999) AS CHAR(9)))),
       (5, 'Édouard', 'Echo', 'e.echo@gmail.com', SHA2(CONV(FLOOR(RAND() * 99999999999999), 20, 36), 256), CONCAT('0', CAST(FLOOR((0.1 + RAND()) * 699999999) AS CHAR(9)))),
       (6, 'Fanny', 'Foxtrot', 'f.foxtrot@outlook.com', SHA2(CONV(FLOOR(RAND() * 99999999999999), 20, 36), 256), CONCAT('0', CAST(FLOOR((0.1 + RAND()) * 699999999) AS CHAR(9)))),
       (7, 'Gérard', 'Golf', 'g.golf@gmail.com', SHA2(CONV(FLOOR(RAND() * 99999999999999), 20, 36), 256), CONCAT('0', CAST(FLOOR((0.1 + RAND()) * 699999999) AS CHAR(9)))),
       (8, 'Hubert', 'Hotel', 'h.hotel@orange.fr', SHA2(CONV(FLOOR(RAND() * 99999999999999), 20, 36), 256), CONCAT('0', CAST(FLOOR((0.1 + RAND()) * 699999999) AS CHAR(9)))),
       (9, 'Isabelle', 'India', 'i.india@gmail.com', SHA2(CONV(FLOOR(RAND() * 99999999999999), 20, 36), 256), CONCAT('0', CAST(FLOOR((0.1 + RAND()) * 699999999) AS CHAR(9)))),
       (10, 'Jacques', 'Juliet', 'j.juliet@laposte.net', SHA2(CONV(FLOOR(RAND() * 99999999999999), 20, 36), 256), CONCAT('0', CAST(FLOOR((0.1 + RAND()) * 699999999) AS CHAR(9)))),
       (11, 'Kévin', 'Kilo', 'k.kilo@gmail.com', SHA2(CONV(FLOOR(RAND() * 99999999999999), 20, 36), 256), CONCAT('0', CAST(FLOOR((0.1 + RAND()) * 699999999) AS CHAR(9)))),
       (12, 'Laurent', 'Lima', 'l.lima@free.com', SHA2(CONV(FLOOR(RAND() * 99999999999999), 20, 36), 256), CONCAT('0', CAST(FLOOR((0.1 + RAND()) * 699999999) AS CHAR(9)))),
       (13, 'Maéva', 'Mike', 'm.mike@yahoo.fr', SHA2(CONV(FLOOR(RAND() * 99999999999999), 20, 36), 256), CONCAT('0', CAST(FLOOR((0.1 + RAND()) * 699999999) AS CHAR(9)))),
       (14, 'Nicolas', 'November', 'n.november@gmail.com', SHA2(CONV(FLOOR(RAND() * 99999999999999), 20, 36), 256), CONCAT('0', CAST(FLOOR((0.1 + RAND()) * 699999999) AS CHAR(9)))),
       (15, 'Olivier', 'Oscar', 'o.oscar@laposte.net', SHA2(CONV(FLOOR(RAND() * 99999999999999), 20, 36), 256), CONCAT('0', CAST(FLOOR((0.1 + RAND()) * 699999999) AS CHAR(9)))),
       (16, 'Patrick', 'Papa', 'p.papa@orange.fr', SHA2(CONV(FLOOR(RAND() * 99999999999999), 20, 36), 256), CONCAT('0', CAST(FLOOR((0.1 + RAND()) * 699999999) AS CHAR(9)))),
       (17, 'Quentin', 'Quebec', 'q.quebec@gmail.com', SHA2(CONV(FLOOR(RAND() * 99999999999999), 20, 36), 256), CONCAT('0', CAST(FLOOR((0.1 + RAND()) * 699999999) AS CHAR(9)))),
       (18, 'Rémi', 'Romeo', 'r.romeo@hotmail.com', SHA2(CONV(FLOOR(RAND() * 99999999999999), 20, 36), 256), CONCAT('0', CAST(FLOOR((0.1 + RAND()) * 699999999) AS CHAR(9)))),
       (19, 'Sophie', 'Sierra', 's.sierra@yahoo.fr', SHA2(CONV(FLOOR(RAND() * 99999999999999), 20, 36), 256), CONCAT('0', CAST(FLOOR((0.1 + RAND()) * 699999999) AS CHAR(9)))),
       (20, 'Tiphaine', 'Tango', 't.tango@outlook.com', SHA2(CONV(FLOOR(RAND() * 99999999999999), 20, 36), 256), CONCAT('0', CAST(FLOOR((0.1 + RAND()) * 699999999) AS CHAR(9))));

INSERT INTO Client(idIndividu)
VALUES (2), (4), (5), (6), (8), (10), (12), (14), (15), (16), (18), (20);

INSERT INTO Coursier(idIndividu, numeroSiret)
VALUES (1, '42865712300045'),
       (3, '77532412900012'),
	   (7, '18963745600178'),
	   (9, '35004795600041'),
	   (11, '47398615800033'),
	   (13, '44297338300078'),
	   (17, '21750698100270'),
	   (19, '11796352100025');